"id","first_name","last_name","email","phone","address","city","state","country","country_code","zip_code","user_id"
"17","Jordan","Ramirez","jordan.ramirez@xyz.com","(911)719-8880","470 Dennis Points Suite 016
Garyside, CO 34444","Sidhi",,"India","IN","488949","1"
"18","Kayla","Jones","kayla.jones@xyz.com","(748)872-8106","04415 Brian Expressway
New Michelle, SD 63926",,,,,"847987","51"
"19","Anna","Le","anna.le@xyz.com","(921)850-9267","4294 Mccarthy Road
Aliport, OK 07890","Katangi",,"India","IN","8449844","1"
"20","Mathew","Anderson","mathew.anderson@xyz.com","(980)744-7465","0237 Long Orchard
West Cody, TX 47949","Narsimhapur",,"India","IN","4872001","1"
"21","Oscar","Thompson","oscar.thompson@xyz.com","(789)738-7713","37193 Kelsey Lakes Suite 170
West Brittany, IA 91160","Jabalpur",,"India","IN","45678","51"
"22","Judith","Martin","judith.martin@xyz.com","(728)867-7743","6148 Lisa Islands
Port Michael, NY 10309","Jabalpur",,"India","IN","482001","51"
